Workbook

Sheet תלמידות
A1: טק בגובה העיניים – דנה קוניק | רשימת תלמידות
A2: # | B2: שם מלא | C2: טלפון | D2: עיר | E2: רמה | F2: ימים ושעות | G2: מחיר לשיעור (₪) | H2: תאריך התחלה | I2: סטטוס | J2: מספר שיעורים | K2: הערות
A3: 1 | B3: מרים כהן | C3: 052-111-2233 | D3: רמת השרון | E3: רמה 1 – סמארטפון | F3: ראשון 10:00 | G3: 180 | H3: 01/09/2025 | I3: פעיל | J3: 8
A4: 2 | B4: רות לוי | C4: 054-222-3344 | D4: הרצליה | E4: רמה 2 – מחשב | F4: שלישי 11:00 | G4: 180 | H4: 15/09/2025 | I4: פעיל | J4: 6 | K4: מעדיפה שיעורים קצרים
A5: 3 | B5: שושנה ברק | C5: 050-333-4455 | D5: רמת השרון | E5: רמה 1 – סמארטפון | F5: חמישי 09:00 | G5: 180 | H5: 01/10/2025 | I5: פעיל | J5: 4
A6: 4 | B6: חנה גולן | C6: 058-444-5566 | D6: כפר סבא | E6: רמה 3 – AI | F6: שני 14:00 | G6: 180 | I6: הפסקה | J6: 0 | K6: חזרה בינואר

Sheet תשלומים
A1: טק בגובה העיניים – דנה קוניק | מעקב תשלומים
A2: תאריך | B2: שם תלמידה | C2: שיעורים החודש | D2: מחיר לשיעור (₪) | E2: סכום לתשלום (₪) | F2: שולם (₪) | G2: יתרה (₪) | H2: אמצעי תשלום | I2: הערות
A3: 01/06/2025 | B3: מרים כהן | C3: 4 | D3: 180 | E3: =IF(C3="","",C3*D3) | F3: 720 | G3: =IF(C3="","",E3-F3) | H3: ביט
A4: 01/06/2025 | B4: רות לוי | C4: 3 | D4: 180 | E4: =IF(C4="","",C4*D4) | F4: 540 | G4: =IF(C4="","",E4-F4) | H4: העברה
A5: 01/06/2025 | B5: שושנה ברק | C5: 4 | D5: 180 | E5: =IF(C5="","",C5*D5) | F5: 720 | G5: =IF(C5="","",E5-F5) | H5: מזומן
A6: 01/06/2025 | B6: חנה גולן | C6: 0 | D6: 180 | E6: =IF(C6="","",C6*D6) | F6: 0 | G6: =IF(C6="","",E6-F6) | H6: – | I6: בהפסקה
A7: 01/07/2025 | B7: מרים כהן | C7: 4 | D7: 180 | E7: =IF(C7="","",C7*D7) | F7: 720 | G7: =IF(C7="","",E7-F7) | H7: ביט
A8: 01/07/2025 | B8: רות לוי | C8: 3 | D8: 180 | E8: =IF(C8="","",C8*D8) | F8: 0 | G8: =IF(C8="","",E8-F8) | I8: טרם שולם
E9: =IF(C9="","",C9*D9) | G9: =IF(C9="","",E9-F9)
E10: =IF(C10="","",C10*D10) | G10: =IF(C10="","",E10-F10)
E11: =IF(C11="","",C11*D11) | G11: =IF(C11="","",E11-F11)
E12: =IF(C12="","",C12*D12) | G12: =IF(C12="","",E12-F12)
E13: =IF(C13="","",C13*D13) | G13: =IF(C13="","",E13-F13)
E14: =IF(C14="","",C14*D14) | G14: =IF(C14="","",E14-F14)
E15: =IF(C15="","",C15*D15) | G15: =IF(C15="","",E15-F15)
E16: =IF(C16="","",C16*D16) | G16: =IF(C16="","",E16-F16)
E17: =IF(C17="","",C17*D17) | G17: =IF(C17="","",E17-F17)
E18: =IF(C18="","",C18*D18) | G18: =IF(C18="","",E18-F18)
E19: =IF(C19="","",C19*D19) | G19: =IF(C19="","",E19-F19)
E20: =IF(C20="","",C20*D20) | G20: =IF(C20="","",E20-F20)
... E162: =IF(C162="","",C162*D162) | G162: =IF(C162="","",E162-F162)

Sheet לוז שבועי
A1: טק בגובה העיניים – דנה קוניק | לוז שבועי
A2: שעה | B2: ראשון | C2: שני | D2: שלישי | E2: רביעי | F2: חמישי | G2: שישי
A3: 08:00
A4: 09:00 | F4: שושנה ברק
A5: 10:00 | B5: מרים כהן
A6: 11:00 | D6: רות לוי
A7: 12:00
A8: 13:00
A9: 14:00 | C9: חנה גולן
A10: 15:00
A11: 16:00
A12: 17:00
A13: 18:00
A14: 19:00

Sheet הכנסות חודשיות
A1: טק בגובה העיניים – דנה קוניק | הכנסות חודשיות
A2: תלמידה | B2: ינואר | C2: פברואר | D2: מרץ | E2: אפריל | F2: מאי | G2: יוני | H2: יולי | I2: אוגוסט | J2: ספטמבר | K2: אוקטובר | L2: נובמבר | M2: דצמבר | N2: סה"כ שנתי
A3: =IF('תלמידות'!B3="","",'תלמידות'!B3) | B3: =SUMIFS('תשלומים'!$F$3:$F$162,'תשלומים'!$B$3:$B$162,$A3,'תשלומים'!$A$3:$A$162,"??/01/*") | C3: =SUMIFS('תשלומים'!$F$3:$F$162,'תשלומים'!$B$3:$B$162,$A3,'תשלומים'!$A$3:$A$162,"??/02/*") | D3: =SUMIFS('תשלומים'!$F$3:$F$162,'תשלומים'!$B$3:$B$162,$A3,'תשלומים'!$A$3:$A$162,"??/03/*") | E3: =SUMIFS('תשלומים'!$F$3:$F$162,'תשלומים'!$B$3:$B$162,$A3,'תשלומים'!$A$3:$A$162,"??/04/*") | F3: =SUMIFS('תשלומים'!$F$3:$F$162,'תשלומים'!$B$3:$B$162,$A3,'תשלומים'!$A$3:$A$162,"??/05/*") | G3: =SUMIFS('תשלומים'!$F$3:$F$162,'תשלומים'!$B$3:$B$162,$A3,'תשלומים'!$A$3:$A$162,"??/06/*") | H3: =SUMIFS('תשלומים'!$F$3:$F$162,'תשלומים'!$B$3:$B$162,$A3,'תשלומים'!$A$3:$A$162,"??/07/*") | I3: =SUMIFS('תשלומים'!$F$3:$F$162,'תשלומים'!$B$3:$B$162,$A3,'תשלומים'!$A$3:$A$162,"??/08/*") | J3: =SUMIFS('תשלומים'!$F$3:$F$162,'תשלומים'!$B$3:$B$162,$A3,'תשלומים'!$A$3:$A$162,"??/09/*") | K3: =SUMIFS('תשלומים'!$F$3:$F$162,'תשלומים'!$B$3:$B$162,$A3,'תשלומים'!$A$3:$A$162,"??/10/*") | L3: =SUMIFS('תשלומים'!$F$3:$F$162,'תשלומים'!$B$3:$B$162,$A3,'תשלומים'!$A$3:$A$162,"??/11/*") | M3: =SUMIFS('תשלומים'!$F$3:$F$162,'תשלומים'!$B$3:$B$162,$A3,'תשלומים'!$A$3:$A$162,"??/12/*") | N3: =SUM(B3:M3)
A4: =IF('תלמידות'!B4="","",'תלמידות'!B4) | B4: =SUMIFS('תשלומים'!$F$3:$F$162,'תשלומים'!$B$3:$B$162,$A4,'תשלומים'!$A$3:$A$162,"??/01/*") | C4: =SUMIFS('תשלומים'!$F$3:$F$162,'תשלומים'!$B$3:$B$162,$A4,'תשלומים'!$A$3:$A$162,"??/02/*") | D4: =SUMIFS('תשלומים'!$F$3:$F$162,'תשלומים'!$B$3:$B$162,$A4,'תשלומים'!$A$3:$A$162,"??/03/*") | E4: =SUMIFS('תשלומים'!$F$3:$F$162,'תשלומים'!$B$3:$B$162,$A4,'תשלומים'!$A$3:$A$162,"??/04/*") | F4: =SUMIFS('תשלומים'!$F$3:$F$162,'תשלומים'!$B$3:$B$162,$A4,'תשלומים'!$A$3:$A$162,"??/05/*") | G4: =SUMIFS('תשלומים'!$F$3:$F$162,'תשלומים'!$B$3:$B$162,$A4,'תשלומים'!$A$3:$A$162,"??/06/*") | H4: =SUMIFS('תשלומים'!$F$3:$F$162,'תשלומים'!$B$3:$B$162,$A4,'תשלומים'!$A$3:$A$162,"??/07/*") | I4: =SUMIFS('תשלומים'!$F$3:$F$162,'תשלומים'!$B$3:$B$162,$A4,'תשלומים'!$A$3:$A$162,"??/08/*") | J4: =SUMIFS('תשלומים'!$F$3:$F$162,'תשלומים'!$B$3:$B$162,$A4,'תשלומים'!$A$3:$A$162,"??/09/*") | K4: =SUMIFS('תשלומים'!$F$3:$F$162,'תשלומים'!$B$3:$B$162,$A4,'תשלומים'!$A$3:$A$162,"??/10/*") | L4: =SUMIFS('תשלומים'!$F$3:$F$162,'תשלומים'!$B$3:$B$162,$A4,'תשלומים'!$A$3:$A$162,"??/11/*") | M4: =SUMIFS('תשלומים'!$F$3:$F$162,'תשלומים'!$B$3:$B$162,$A4,'תשלומים'!$A$3:$A$162,"??/12/*") | N4: =SUM(B4:M4)
A5: =IF('תלמידות'!B5="","",'תלמידות'!B5) | B5: =SUMIFS('תשלומים'!$F$3:$F$162,'תשלומים'!$B$3:$B$162,$A5,'תשלומים'!$A$3:$A$162,"??/01/*") | C5: =SUMIFS('תשלומים'!$F$3:$F$162,'תשלומים'!$B$3:$B$162,$A5,'תשלומים'!$A$3:$A$162,"??/02/*") | D5: =SUMIFS('תשלומים'!$F$3:$F$162,'תשלומים'!$B$3:$B$162,$A5,'תשלומים'!$A$3:$A$162,"??/03/*") | E5: =SUMIFS('תשלומים'!$F$3:$F$162,'תשלומים'!$B$3:$B$162,$A5,'תשלומים'!$A$3:$A$162,"??/04/*") | F5: =SUMIFS('תשלומים'!$F$3:$F$162,'תשלומים'!$B$3:$B$162,$A5,'תשלומים'!$A$3:$A$162,"??/05/*") | G5: =SUMIFS('תשלומים'!$F$3:$F$162,'תשלומים'!$B$3:$B$162,$A5,'תשלומים'!$A$3:$A$162,"??/06/*") | H5: =SUMIFS('תשלומים'!$F$3:$F$162,'תשלומים'!$B$3:$B$162,$A5,'תשלומים'!$A$3:$A$162,"??/07/*") | I5: =SUMIFS('תשלומים'!$F$3:$F$162,'תשלומים'!$B$3:$B$162,$A5,'תשלומים'!$A$3:$A$162,"??/08/*") | J5: =SUMIFS('תשלומים'!$F$3:$F$162,'תשלומים'!$B$3:$B$162,$A5,'תשלומים'!$A$3:$A$162,"??/09/*") | K5: =SUMIFS('תשלומים'!$F$3:$F$162,'תשלומים'!$B$3:$B$162,$A5,'תשלומים'!$A$3:$A$162,"??/10/*") | L5: =SUMIFS('תשלומים'!$F$3:$F$162,'תשלומים'!$B$3:$B$162,$A5,'תשלומים'!$A$3:$A$162,"??/11/*") | M5: =SUMIFS('תשלומים'!$F$3:$F$162,'תשלומים'!$B$3:$B$162,$A5,'תשלומים'!$A$3:$A$162,"??/12/*") | N5: =SUM(B5:M5)
A6: =IF('תלמידות'!B6="","",'תלמידות'!B6) | B6: =SUMIFS('תשלומים'!$F$3:$F$162,'תשלומים'!$B$3:$B$162,$A6,'תשלומים'!$A$3:$A$162,"??/01/*") | C6: =SUMIFS('תשלומים'!$F$3:$F$162,'תשלומים'!$B$3:$B$162,$A6,'תשלומים'!$A$3:$A$162,"??/02/*") | D6: =SUMIFS('תשלומים'!$F$3:$F$162,'תשלומים'!$B$3:$B$162,$A6,'תשלומים'!$A$3:$A$162,"??/03/*") | E6: =SUMIFS('תשלומים'!$F$3:$F$162,'תשלומים'!$B$3:$B$162,$A6,'תשלומים'!$A$3:$A$162,"??/04/*") | F6: =SUMIFS('תשלומים'!$F$3:$F$162,'תשלומים'!$B$3:$B$162,$A6,'תשלומים'!$A$3:$A$162,"??/05/*") | G6: =SUMIFS('תשלומים'!$F$3:$F$162,'תשלומים'!$B$3:$B$162,$A6,'תשלומים'!$A$3:$A$162,"??/06/*") | H6: =SUMIFS('תשלומים'!$F$3:$F$162,'תשלומים'!$B$3:$B$162,$A6,'תשלומים'!$A$3:$A$162,"??/07/*") | I6: =SUMIFS('תשלומים'!$F$3:$F$162,'תשלומים'!$B$3:$B$162,$A6,'תשלומים'!$A$3:$A$162,"??/08/*") | J6: =SUMIFS('תשלומים'!$F$3:$F$162,'תשלומים'!$B$3:$B$162,$A6,'תשלומים'!$A$3:$A$162,"??/09/*") | K6: =SUMIFS('תשלומים'!$F$3:$F$162,'תשלומים'!$B$3:$B$162,$A6,'תשלומים'!$A$3:$A$162,"??/10/*") | L6: =SUMIFS('תשלומים'!$F$3:$F$162,'תשלומים'!$B$3:$B$162,$A6,'תשלומים'!$A$3:$A$162,"??/11/*") | M6: =SUMIFS('תשלומים'!$F$3:$F$162,'תשלומים'!$B$3:$B$162,$A6,'תשלומים'!$A$3:$A$162,"??/12/*") | N6: =SUM(B6:M6)
A7: =IF('תלמידות'!B7="","",'תלמידות'!B7) | B7: =SUMIFS('תשלומים'!$F$3:$F$162,'תשלומים'!$B$3:$B$162,$A7,'תשלומים'!$A$3:$A$162,"??/01/*") | C7: =SUMIFS('תשלומים'!$F$3:$F$162,'תשלומים'!$B$3:$B$162,$A7,'תשלומים'!$A$3:$A$162,"??/02/*") | D7: =SUMIFS('תשלומים'!$F$3:$F$162,'תשלומים'!$B$3:$B$162,$A7,'תשלומים'!$A$3:$A$162,"??/03/*") | E7: =SUMIFS('תשלומים'!$F$3:$F$162,'תשלומים'!$B$3:$B$162,$A7,'תשלומים'!$A$3:$A$162,"??/04/*") | F7: =SUMIFS('תשלומים'!$F$3:$F$162,'תשלומים'!$B$3:$B$162,$A7,'תשלומים'!$A$3:$A$162,"??/05/*") | G7: =SUMIFS('תשלומים'!$F$3:$F$162,'תשלומים'!$B$3:$B$162,$A7,'תשלומים'!$A$3:$A$162,"??/06/*") | H7: =SUMIFS('תשלומים'!$F$3:$F$162,'תשלומים'!$B$3:$B$162,$A7,'תשלומים'!$A$3:$A$162,"??/07/*") | I7: =SUMIFS('תשלומים'!$F$3:$F$162,'תשלומים'!$B$3:$B$162,$A7,'תשלומים'!$A$3:$A$162,"??/08/*") | J7: =SUMIFS('תשלומים'!$F$3:$F$162,'תשלומים'!$B$3:$B$162,$A7,'תשלומים'!$A$3:$A$162,"??/09/*") | K7: =SUMIFS('תשלומים'!$F$3:$F$162,'תשלומים'!$B$3:$B$162,$A7,'תשלומים'!$A$3:$A$162,"??/10/*") | L7: =SUMIFS('תשלומים'!$F$3:$F$162,'תשלומים'!$B$3:$B$162,$A7,'תשלומים'!$A$3:$A$162,"??/11/*") | M7: =SUMIFS('תשלומים'!$F$3:$F$162,'תשלומים'!$B$3:$B$162,$A7,'תשלומים'!$A$3:$A$162,"??/12/*") | N7: =SUM(B7:M7)
A8: =IF('תלמידות'!B8="","",'תלמידות'!B8) | B8: =SUMIFS('תשלומים'!$F$3:$F$162,'תשלומים'!$B$3:$B$162,$A8,'תשלומים'!$A$3:$A$162,"??/01/*") | C8: =SUMIFS('תשלומים'!$F$3:$F$162,'תשלומים'!$B$3:$B$162,$A8,'תשלומים'!$A$3:$A$162,"??/02/*") | D8: =SUMIFS('תשלומים'!$F$3:$F$162,'תשלומים'!$B$3:$B$162,$A8,'תשלומים'!$A$3:$A$162,"??/03/*") | E8: =SUMIFS('תשלומים'!$F$3:$F$162,'תשלומים'!$B$3:$B$162,$A8,'תשלומים'!$A$3:$A$162,"??/04/*") | F8: =SUMIFS('תשלומים'!$F$3:$F$162,'תשלומים'!$B$3:$B$162,$A8,'תשלומים'!$A$3:$A$162,"??/05/*") | G8: =SUMIFS('תשלומים'!$F$3:$F$162,'תשלומים'!$B$3:$B$162,$A8,'תשלומים'!$A$3:$A$162,"??/06/*") | H8: =SUMIFS('תשלומים'!$F$3:$F$162,'תשלומים'!$B$3:$B$162,$A8,'תשלומים'!$A$3:$A$162,"??/07/*") | I8: =SUMIFS('תשלומים'!$F$3:$F$162,'תשלומים'!$B$3:$B$162,$A8,'תשלומים'!$A$3:$A$162,"??/08/*") | J8: =SUMIFS('תשלומים'!$F$3:$F$162,'תשלומים'!$B$3:$B$162,$A8,'תשלומים'!$A$3:$A$162,"??/09/*") | K8: =SUMIFS('תשלומים'!$F$3:$F$162,'תשלומים'!$B$3:$B$162,$A8,'תשלומים'!$A$3:$A$162,"??/10/*") | L8: =SUMIFS('תשלומים'!$F$3:$F$162,'תשלומים'!$B$3:$B$162,$A8,'תשלומים'!$A$3:$A$162,"??/11/*") | M8: =SUMIFS('תשלומים'!$F$3:$F$162,'תשלומים'!$B$3:$B$162,$A8,'תשלומים'!$A$3:$A$162,"??/12/*") | N8: =SUM(B8:M8)
A9: =IF('תלמידות'!B9="","",'תלמידות'!B9) | B9: =SUMIFS('תשלומים'!$F$3:$F$162,'תשלומים'!$B$3:$B$162,$A9,'תשלומים'!$A$3:$A$162,"??/01/*") | C9: =SUMIFS('תשלומים'!$F$3:$F$162,'תשלומים'!$B$3:$B$162,$A9,'תשלומים'!$A$3:$A$162,"??/02/*") | D9: =SUMIFS('תשלומים'!$F$3:$F$162,'תשלומים'!$B$3:$B$162,$A9,'תשלומים'!$A$3:$A$162,"??/03/*") | E9: =SUMIFS('תשלומים'!$F$3:$F$162,'תשלומים'!$B$3:$B$162,$A9,'תשלומים'!$A$3:$A$162,"??/04/*") | F9: =SUMIFS('תשלומים'!$F$3:$F$162,'תשלומים'!$B$3:$B$162,$A9,'תשלומים'!$A$3:$A$162,"??/05/*") | G9: =SUMIFS('תשלומים'!$F$3:$F$162,'תשלומים'!$B$3:$B$162,$A9,'תשלומים'!$A$3:$A$162,"??/06/*") | H9: =SUMIFS('תשלומים'!$F$3:$F$162,'תשלומים'!$B$3:$B$162,$A9,'תשלומים'!$A$3:$A$162,"??/07/*") | I9: =SUMIFS('תשלומים'!$F$3:$F$162,'תשלומים'!$B$3:$B$162,$A9,'תשלומים'!$A$3:$A$162,"??/08/*") | J9: =SUMIFS('תשלומים'!$F$3:$F$162,'תשלומים'!$B$3:$B$162,$A9,'תשלומים'!$A$3:$A$162,"??/09/*") | K9: =SUMIFS('תשלומים'!$F$3:$F$162,'תשלומים'!$B$3:$B$162,$A9,'תשלומים'!$A$3:$A$162,"??/10/*") | L9: =SUMIFS('תשלומים'!$F$3:$F$162,'תשלומים'!$B$3:$B$162,$A9,'תשלומים'!$A$3:$A$162,"??/11/*") | M9: =SUMIFS('תשלומים'!$F$3:$F$162,'תשלומים'!$B$3:$B$162,$A9,'תשלומים'!$A$3:$A$162,"??/12/*") | N9: =SUM(B9:M9)
A10: =IF('תלמידות'!B10="","",'תלמידות'!B10) | B10: =SUMIFS('תשלומים'!$F$3:$F$162,'תשלומים'!$B$3:$B$162,$A10,'תשלומים'!$A$3:$A$162,"??/01/*") | C10: =SUMIFS('תשלומים'!$F$3:$F$162,'תשלומים'!$B$3:$B$162,$A10,'תשלומים'!$A$3:$A$162,"??/02/*") | D10: =SUMIFS('תשלומים'!$F$3:$F$162,'תשלומים'!$B$3:$B$162,$A10,'תשלומים'!$A$3:$A$162,"??/03/*") | E10: =SUMIFS('תשלומים'!$F$3:$F$162,'תשלומים'!$B$3:$B$162,$A10,'תשלומים'!$A$3:$A$162,"??/04/*") | F10: =SUMIFS('תשלומים'!$F$3:$F$162,'תשלומים'!$B$3:$B$162,$A10,'תשלומים'!$A$3:$A$162,"??/05/*") | G10: =SUMIFS('תשלומים'!$F$3:$F$162,'תשלומים'!$B$3:$B$162,$A10,'תשלומים'!$A$3:$A$162,"??/06/*") | H10: =SUMIFS('תשלומים'!$F$3:$F$162,'תשלומים'!$B$3:$B$162,$A10,'תשלומים'!$A$3:$A$162,"??/07/*") | I10: =SUMIFS('תשלומים'!$F$3:$F$162,'תשלומים'!$B$3:$B$162,$A10,'תשלומים'!$A$3:$A$162,"??/08/*") | J10: =SUMIFS('תשלומים'!$F$3:$F$162,'תשלומים'!$B$3:$B$162,$A10,'תשלומים'!$A$3:$A$162,"??/09/*") | K10: =SUMIFS('תשלומים'!$F$3:$F$162,'תשלומים'!$B$3:$B$162,$A10,'תשלומים'!$A$3:$A$162,"??/10/*") | L10: =SUMIFS('תשלומים'!$F$3:$F$162,'תשלומים'!$B$3:$B$162,$A10,'תשלומים'!$A$3:$A$162,"??/11/*") | M10: =SUMIFS('תשלומים'!$F$3:$F$162,'תשלומים'!$B$3:$B$162,$A10,'תשלומים'!$A$3:$A$162,"??/12/*") | N10: =SUM(B10:M10)
A11: =IF('תלמידות'!B11="","",'תלמידות'!B11) | B11: =SUMIFS('תשלומים'!$F$3:$F$162,'תשלומים'!$B$3:$B$162,$A11,'תשלומים'!$A$3:$A$162,"??/01/*") | C11: =SUMIFS('תשלומים'!$F$3:$F$162,'תשלומים'!$B$3:$B$162,$A11,'תשלומים'!$A$3:$A$162,"??/02/*") | D11: =SUMIFS('תשלומים'!$F$3:$F$162,'תשלומים'!$B$3:$B$162,$A11,'תשלומים'!$A$3:$A$162,"??/03/*") | E11: =SUMIFS('תשלומים'!$F$3:$F$162,'תשלומים'!$B$3:$B$162,$A11,'תשלומים'!$A$3:$A$162,"??/04/*") | F11: =SUMIFS('תשלומים'!$F$3:$F$162,'תשלומים'!$B$3:$B$162,$A11,'תשלומים'!$A$3:$A$162,"??/05/*") | G11: =SUMIFS('תשלומים'!$F$3:$F$162,'תשלומים'!$B$3:$B$162,$A11,'תשלומים'!$A$3:$A$162,"??/06/*") | H11: =SUMIFS('תשלומים'!$F$3:$F$162,'תשלומים'!$B$3:$B$162,$A11,'תשלומים'!$A$3:$A$162,"??/07/*") | I11: =SUMIFS('תשלומים'!$F$3:$F$162,'תשלומים'!$B$3:$B$162,$A11,'תשלומים'!$A$3:$A$162,"??/08/*") | J11: =SUMIFS('תשלומים'!$F$3:$F$162,'תשלומים'!$B$3:$B$162,$A11,'תשלומים'!$A$3:$A$162,"??/09/*") | K11: =SUMIFS('תשלומים'!$F$3:$F$162,'תשלומים'!$B$3:$B$162,$A11,'תשלומים'!$A$3:$A$162,"??/10/*") | L11: =SUMIFS('תשלומים'!$F$3:$F$162,'תשלומים'!$B$3:$B$162,$A11,'תשלומים'!$A$3:$A$162,"??/11/*") | M11: =SUMIFS('תשלומים'!$F$3:$F$162,'תשלומים'!$B$3:$B$162,$A11,'תשלומים'!$A$3:$A$162,"??/12/*") | N11: =SUM(B11:M11)
A12: =IF('תלמידות'!B12="","",'תלמידות'!B12) | B12: =SUMIFS('תשלומים'!$F$3:$F$162,'תשלומים'!$B$3:$B$162,$A12,'תשלומים'!$A$3:$A$162,"??/01/*") | C12: =SUMIFS('תשלומים'!$F$3:$F$162,'תשלומים'!$B$3:$B$162,$A12,'תשלומים'!$A$3:$A$162,"??/02/*") | D12: =SUMIFS('תשלומים'!$F$3:$F$162,'תשלומים'!$B$3:$B$162,$A12,'תשלומים'!$A$3:$A$162,"??/03/*") | E12: =SUMIFS('תשלומים'!$F$3:$F$162,'תשלומים'!$B$3:$B$162,$A12,'תשלומים'!$A$3:$A$162,"??/04/*") | F12: =SUMIFS('תשלומים'!$F$3:$F$162,'תשלומים'!$B$3:$B$162,$A12,'תשלומים'!$A$3:$A$162,"??/05/*") | G12: =SUMIFS('תשלומים'!$F$3:$F$162,'תשלומים'!$B$3:$B$162,$A12,'תשלומים'!$A$3:$A$162,"??/06/*") | H12: =SUMIFS('תשלומים'!$F$3:$F$162,'תשלומים'!$B$3:$B$162,$A12,'תשלומים'!$A$3:$A$162,"??/07/*") | I12: =SUMIFS('תשלומים'!$F$3:$F$162,'תשלומים'!$B$3:$B$162,$A12,'תשלומים'!$A$3:$A$162,"??/08/*") | J12: =SUMIFS('תשלומים'!$F$3:$F$162,'תשלומים'!$B$3:$B$162,$A12,'תשלומים'!$A$3:$A$162,"??/09/*") | K12: =SUMIFS('תשלומים'!$F$3:$F$162,'תשלומים'!$B$3:$B$162,$A12,'תשלומים'!$A$3:$A$162,"??/10/*") | L12: =SUMIFS('תשלומים'!$F$3:$F$162,'תשלומים'!$B$3:$B$162,$A12,'תשלומים'!$A$3:$A$162,"??/11/*") | M12: =SUMIFS('תשלומים'!$F$3:$F$162,'תשלומים'!$B$3:$B$162,$A12,'תשלומים'!$A$3:$A$162,"??/12/*") | N12: =SUM(B12:M12)
A13: =IF('תלמידות'!B13="","",'תלמידות'!B13) | B13: =SUMIFS('תשלומים'!$F$3:$F$162,'תשלומים'!$B$3:$B$162,$A13,'תשלומים'!$A$3:$A$162,"??/01/*") | C13: =SUMIFS('תשלומים'!$F$3:$F$162,'תשלומים'!$B$3:$B$162,$A13,'תשלומים'!$A$3:$A$162,"??/02/*") | D13: =SUMIFS('תשלומים'!$F$3:$F$162,'תשלומים'!$B$3:$B$162,$A13,'תשלומים'!$A$3:$A$162,"??/03/*") | E13: =SUMIFS('תשלומים'!$F$3:$F$162,'תשלומים'!$B$3:$B$162,$A13,'תשלומים'!$A$3:$A$162,"??/04/*") | F13: =SUMIFS('תשלומים'!$F$3:$F$162,'תשלומים'!$B$3:$B$162,$A13,'תשלומים'!$A$3:$A$162,"??/05/*") | G13: =SUMIFS('תשלומים'!$F$3:$F$162,'תשלומים'!$B$3:$B$162,$A13,'תשלומים'!$A$3:$A$162,"??/06/*") | H13: =SUMIFS('תשלומים'!$F$3:$F$162,'תשלומים'!$B$3:$B$162,$A13,'תשלומים'!$A$3:$A$162,"??/07/*") | I13: =SUMIFS('תשלומים'!$F$3:$F$162,'תשלומים'!$B$3:$B$162,$A13,'תשלומים'!$A$3:$A$162,"??/08/*") | J13: =SUMIFS('תשלומים'!$F$3:$F$162,'תשלומים'!$B$3:$B$162,$A13,'תשלומים'!$A$3:$A$162,"??/09/*") | K13: =SUMIFS('תשלומים'!$F$3:$F$162,'תשלומים'!$B$3:$B$162,$A13,'תשלומים'!$A$3:$A$162,"??/10/*") | L13: =SUMIFS('תשלומים'!$F$3:$F$162,'תשלומים'!$B$3:$B$162,$A13,'תשלומים'!$A$3:$A$162,"??/11/*") | M13: =SUMIFS('תשלומים'!$F$3:$F$162,'תשלומים'!$B$3:$B$162,$A13,'תשלומים'!$A$3:$A$162,"??/12/*") | N13: =SUM(B13:M13)
A14: =IF('תלמידות'!B14="","",'תלמידות'!B14) | B14: =SUMIFS('תשלומים'!$F$3:$F$162,'תשלומים'!$B$3:$B$162,$A14,'תשלומים'!$A$3:$A$162,"??/01/*") | C14: =SUMIFS('תשלומים'!$F$3:$F$162,'תשלומים'!$B$3:$B$162,$A14,'תשלומים'!$A$3:$A$162,"??/02/*") | D14: =SUMIFS('תשלומים'!$F$3:$F$162,'תשלומים'!$B$3:$B$162,$A14,'תשלומים'!$A$3:$A$162,"??/03/*") | E14: =SUMIFS('תשלומים'!$F$3:$F$162,'תשלומים'!$B$3:$B$162,$A14,'תשלומים'!$A$3:$A$162,"??/04/*") | F14: =SUMIFS('תשלומים'!$F$3:$F$162,'תשלומים'!$B$3:$B$162,$A14,'תשלומים'!$A$3:$A$162,"??/05/*") | G14: =SUMIFS('תשלומים'!$F$3:$F$162,'תשלומים'!$B$3:$B$162,$A14,'תשלומים'!$A$3:$A$162,"??/06/*") | H14: =SUMIFS('תשלומים'!$F$3:$F$162,'תשלומים'!$B$3:$B$162,$A14,'תשלומים'!$A$3:$A$162,"??/07/*") | I14: =SUMIFS('תשלומים'!$F$3:$F$162,'תשלומים'!$B$3:$B$162,$A14,'תשלומים'!$A$3:$A$162,"??/08/*") | J14: =SUMIFS('תשלומים'!$F$3:$F$162,'תשלומים'!$B$3:$B$162,$A14,'תשלומים'!$A$3:$A$162,"??/09/*") | K14: =SUMIFS('תשלומים'!$F$3:$F$162,'תשלומים'!$B$3:$B$162,$A14,'תשלומים'!$A$3:$A$162,"??/10/*") | L14: =SUMIFS('תשלומים'!$F$3:$F$162,'תשלומים'!$B$3:$B$162,$A14,'תשלומים'!$A$3:$A$162,"??/11/*") | M14: =SUMIFS('תשלומים'!$F$3:$F$162,'תשלומים'!$B$3:$B$162,$A14,'תשלומים'!$A$3:$A$162,"??/12/*") | N14: =SUM(B14:M14)
... A22: =IF('תלמידות'!B22="","",'תלמידות'!B22) | B22: =SUMIFS('תשלומים'!$F$3:$F$162,'תשלומים'!$B$3:$B$162,$A22,'תשלומים'!$A$3:$A$162,"??/01/*") | C22: =SUMIFS('תשלומים'!$F$3:$F$162,'תשלומים'!$B$3:$B$162,$A22,'תשלומים'!$A$3:$A$162,"??/02/*") | D22: =SUMIFS('תשלומים'!$F$3:$F$162,'תשלומים'!$B$3:$B$162,$A22,'תשלומים'!$A$3:$A$162,"??/03/*") | E22: =SUMIFS('תשלומים'!$F$3:$F$162,'תשלומים'!$B$3:$B$162,$A22,'תשלומים'!$A$3:$A$162,"??/04/*") | F22: =SUMIFS('תשלומים'!$F$3:$F$162,'תשלומים'!$B$3:$B$162,$A22,'תשלומים'!$A$3:$A$162,"??/05/*") | G22: =SUMIFS('תשלומים'!$F$3:$F$162,'תשלומים'!$B$3:$B$162,$A22,'תשלומים'!$A$3:$A$162,"??/06/*") | H22: =SUMIFS('תשלומים'!$F$3:$F$162,'תשלומים'!$B$3:$B$162,$A22,'תשלומים'!$A$3:$A$162,"??/07/*") | I22: =SUMIFS('תשלומים'!$F$3:$F$162,'תשלומים'!$B$3:$B$162,$A22,'תשלומים'!$A$3:$A$162,"??/08/*") | J22: =SUMIFS('תשלומים'!$F$3:$F$162,'תשלומים'!$B$3:$B$162,$A22,'תשלומים'!$A$3:$A$162,"??/09/*") | K22: =SUMIFS('תשלומים'!$F$3:$F$162,'תשלומים'!$B$3:$B$162,$A22,'תשלומים'!$A$3:$A$162,"??/10/*") | L22: =SUMIFS('תשלומים'!$F$3:$F$162,'תשלומים'!$B$3:$B$162,$A22,'תשלומים'!$A$3:$A$162,"??/11/*") | M22: =SUMIFS('תשלומים'!$F$3:$F$162,'תשלומים'!$B$3:$B$162,$A22,'תשלומים'!$A$3:$A$162,"??/12/*") | N22: =SUM(B22:M22)
A23: סה"כ חודשי | B23: =SUM(B3:B22) | C23: =SUM(C3:C22) | D23: =SUM(D3:D22) | E23: =SUM(E3:E22) | F23: =SUM(F3:F22) | G23: =SUM(G3:G22) | H23: =SUM(H3:H22) | I23: =SUM(I3:I22) | ... M23: =SUM(M3:M22) | N23: =SUM(B23:M23)
A25: העמודות מתמלאות לבד מגיליון "תשלומים" — לפי שם התלמידה והחודש בעמודת התאריך.
